section,item,field,English,Persian draft,corrected Persian
Appetizers,,section name,Appetizers,پیش‌غذا,
Main Menu,,section name,Main Menu,منوی اصلی,
Chef's Special,,section name,Chef's Special,ویژه سرآشپز,
Mixed Kebabs,,section name,Mixed Kebabs,کباب‌های ترکیبی,
Platters,,section name,Platters,سینی‌ها,
Drinks,,section name,Drinks,نوشیدنی‌ها,
Dessert,,section name,Dessert,دسر,
Summer Sip,,section name,Summer Sip,نوشیدنی تابستانی,
Must Try,,section name,Must Try,حتماً امتحان کنید,
Classics,,section name,Classics,کلاسیک‌ها,
Classics,,section note,A sip of the classics,جرعه‌ای از کلاسیک‌ها,
Beer,,section name,Beer,آبجو,
Sake,,section name,Sake,ساکه,
Cocktails,,section name,Cocktails,کوکتل‌ها,
Vodka,,section name,Vodka,ودکا,
Whiskey,,section name,Whiskey,ویسکی,
Wine Bottles,,section name,Wine Bottles,بطری شراب,
Traditional Spirits,,section name,Traditional Spirits,عرق‌های سنتی,
Wine,,section name,Wine,شراب,
Appetizers,Baba Ghanoosh,name,Baba Ghanoosh,بابا غنوش,
Appetizers,Fried Eggplant,name,Fried Eggplant,بادمجان سرخ‌شده,
Appetizers,Green Salad,name,Green Salad,سالاد سبز,
Appetizers,Kashke Bademjan,name,Kashke Bademjan,کشک بادمجان,
Appetizers,Kashke Bademjan,description,"Persian eggplant dip with garlic, mint, and whey.",دیپ بادمجان ایرانی با سیر، نعنا و کشک.,
Appetizers,Mixed Appetizer,name,Mixed Appetizer,پیش‌غذای ترکیبی,
Appetizers,Mixed Appetizer,description,Mast o mosir – Zeytoon Parvarde – (Babaganosh or fried eggplant),ماست و موسیر – زیتون پرورده – (بابا غنوش یا بادمجان سرخ‌شده),
Appetizers,Mixed Appetizer,component,Mast o mosir,ماست و موسیر,
Appetizers,Mixed Appetizer,component,Zeytoon Parvarde,زیتون پرورده,
Appetizers,Mixed Appetizer,component,Babaganosh or fried eggplant,بابا غنوش یا بادمجان سرخ‌شده,
Appetizers,Mixed Appetizer Platter,name,Mixed Appetizer Platter,سینی پیش‌غذای ترکیبی,
Appetizers,Mixed Appetizer Platter,description,Baba Ghanoosh – Zeytoon Parvarde – Kashke Bademjan – Fried Eggplant – Mast o Moosir,بابا غنوش – زیتون پرورده – کشک بادمجان – بادمجان سرخ‌شده – ماست و موسیر,
Appetizers,Mixed Appetizer Platter,component,Baba Ghanoosh,بابا غنوش,
Appetizers,Mixed Appetizer Platter,component,Zeytoon Parvarde,زیتون پرورده,
Appetizers,Mixed Appetizer Platter,component,Kashke Bademjan,کشک بادمجان,
Appetizers,Mixed Appetizer Platter,component,Fried Eggplant,بادمجان سرخ‌شده,
Appetizers,Mixed Appetizer Platter,component,Mast o Moosir,ماست و موسیر,
Appetizers,Yogurt with Shallot Dip (Maast o Moosir),name,Yogurt with Shallot Dip (Maast o Moosir),ماست و موسیر,
Appetizers,Zeytoon Parvarde,name,Zeytoon Parvarde,زیتون پرورده,
Appetizers,Zeytoon Parvarde,description,Marinated Olives with Herbs and Walnuts,زیتون مزه‌دار شده با سبزیجات معطر و گردو,
Beer,Persian Draft Beer,name,Persian Draft Beer,آبجوی ایرانی بشکه‌ای,
Beer,Persian Draft Beer,description,House Beer – 18 oz,آبجوی خانگی – 18 اونس,
Chef's Special,Chicken Rolled Fillet,name,Chicken Rolled Fillet,فیله رول مرغ,
Chef's Special,Jojeh Avocado,name,Jojeh Avocado,جوجه آووکادو,
Chef's Special,Jojeh Avocado,description,"Marinated leg pieces with garlic sauce, walnuts, avocados, and memorable taste",تکه‌های ران مزه‌دار شده با سس سیر، گردو و آووکادو، با طعمی به‌یادماندنی,
Chef's Special,Jojeh Fesenjooni,name,Jojeh Fesenjooni,جوجه فسنجونی,
Chef's Special,Jojeh Fesenjooni,description,"Marinated leg pieces with Fesenjoon material, grilled over a low heat, with sour, sweet and memorable taste",تکه‌های ران مزه‌دار شده با مواد فسنجان، کبابی روی حرارت ملایم، با طعم ملس و به‌یادماندنی,
Chef's Special,Jojeh Mix,name,Jojeh Mix,جوجه میکس,
Chef's Special,Jojeh Mix,description,"Juicy minced chicken with spices, grilled on a skewer. Served with rice and grilled tomatoes.",مرغ چرخ‌کرده آبدار با ادویه، کبابی روی سیخ. همراه با برنج و گوجه کبابی.,
Chef's Special,Kaseh Kebab,name,Kaseh Kebab,کاسه کباب,
Chef's Special,Kaseh Kebab,description,"A bowl full of Kebab, 2 rice servings, a skewer of Saffron Chicken Kebab, a skewer of Chenjeh Tehrani Kebab, 2 skewers of Bazari Koobideh kebab",یک کاسه پر از کباب، 2 پرس برنج، یک سیخ جوجه کباب زعفرانی، یک سیخ چنجه تهرانی، 2 سیخ کوبیده بازاری,
Chef's Special,Kaseh Kebab,component,Saffron Chicken Kebab,جوجه کباب زعفرانی,
Chef's Special,Kaseh Kebab,component,Chenjeh Tehrani Kebab,چنجه تهرانی,
Chef's Special,Kaseh Kebab,component,Bazari Koobideh kebab,کباب کوبیده بازاری,
Chef's Special,Kaseh Kebab,component,Rice serving,پرس برنج,
Chef's Special,Rolled Fillet Kebab,name,Rolled Fillet Kebab,کباب فیله رول,
Chef's Special,Special Chef Dish,name,Special Chef Dish,غذای ویژه سرآشپز,
Chef's Special,Special Chef Dish,description,"2 pieces of Chenjeh Kebab, 2 pieces of Shishlik Kebab, 2 pieces of Chicken Kebab, a skewer of Koobideh, 2 rice servings",2 تکه چنجه، 2 تکه شیشلیک، 2 تکه جوجه کباب، یک سیخ کوبیده، 2 پرس برنج,
Chef's Special,Special Chef Dish,component,Chenjeh Kebab,چنجه,
Chef's Special,Special Chef Dish,component,Shishlik Kebab,شیشلیک,
Chef's Special,Special Chef Dish,component,Chicken Kebab,جوجه کباب,
Chef's Special,Special Chef Dish,component,Koobideh,کوبیده,
Chef's Special,Special Chef Dish,component,Rice serving,پرس برنج,
Chef's Special,Tabrizi Barg Kebab,name,Tabrizi Barg Kebab,کباب برگ تبریزی,
Chef's Special,Tabrizi Barg Kebab,description,"One Side Barg, One Side Koobide",یک طرف برگ، یک طرف کوبیده,
Chef's Special,Tabrizi Barg Kebab,component,Barg,برگ,
Chef's Special,Tabrizi Barg Kebab,component,Koobide,کوبیده,
Cocktails,Baileys Shot,name,Baileys Shot,شات بیلیز,
Cocktails,Black Russian,name,Black Russian,بلک راشن,
Cocktails,Black Russian,description,Simple and bold — smooth vodka served neat or on the rocks,ساده و پرقدرت — ودکای نرم، خالص یا با یخ,
Cocktails,Blue Lagoon,name,Blue Lagoon,بلو لاگون,
Cocktails,Blue Lagoon,description,"Vodka, blue curaçao, and lemonade — bright, tangy, and refreshing",ودکا، بلو کوراسائو و لیموناد — شفاف، ترش و خنک,
Cocktails,Classic Mojito,name,Classic Mojito,موهیتو کلاسیک,
Cocktails,Classic Mojito,description,"Rum, mint, lime, and soda — fresh, cool, and timeless",رام، نعنا، لیمو و سودا — تازه، خنک و همیشگی,
Cocktails,Classic Mojito Virgin,name,Classic Mojito Virgin,موهیتو کلاسیک بدون الکل,
Cocktails,Classic Mojito Virgin,description,"All the fresh mint and lime flavor, no alcohol — pure refreshment.",تمام طعم نعنا و لیموی تازه، بدون الکل — خنکی خالص.,
Cocktails,Cucumber Gin Mojito,name,Cucumber Gin Mojito,موهیتو جین و خیار,
Cocktails,Cucumber Gin Mojito,description,"Gin, fresh cucumber, mint, and lime — cool, bright, and refreshing.",جین، خیار تازه، نعنا و لیمو — خنک، شفاف و تازه‌کننده.,
Cocktails,Electric Margarita,name,Electric Margarita,مارگاریتای الکتریک,
Cocktails,Electric Margarita,description,"Tequila, blue curaçao, lime — a bright and electrifying twist on a classic.",تکیلا، بلو کوراسائو، لیمو — روایتی درخشان و پرانرژی از یک کلاسیک.,
Cocktails,Fresh Berry Mojito,name,Fresh Berry Mojito,موهیتو توت تازه,
Cocktails,Fresh Berry Mojito,description,"Rum, fresh mint, lime, and berries — a sweet and refreshing cocktail.",رام، نعنای تازه، لیمو و توت — کوکتلی شیرین و خنک.,
Cocktails,Fresh Berry Mojito-Virgin,name,Fresh Berry Mojito-Virgin,موهیتو توت تازه بدون الکل,
Cocktails,Fresh Berry Mojito-Virgin,description,"Rosé wine, fresh fruit, and a splash of citrus — light, fruity, and refreshing.",شراب رزه، میوه تازه و کمی مرکبات — سبک، میوه‌ای و خنک.,
Cocktails,Gin & Tonic,name,Gin & Tonic,جین و تونیک,
Cocktails,Jägermeister,name,Jägermeister,یگرمایستر,
Cocktails,Long Island Ice tea,name,Long Island Ice tea,لانگ آیلند آیس تی,
Cocktails,Long Island Ice tea,description,"A bold mix of spirits with a splash of cola — strong, smooth, and iconic",ترکیبی پرقدرت از چند مشروب با کمی کولا — قوی، نرم و نمادین,
Cocktails,Persian Dreams,name,Persian Dreams,رویاهای ایرانی,
Cocktails,Red Wine Sangria,name,Red Wine Sangria,سانگریای شراب قرمز,
Cocktails,Red Wine Sangria,description,"Rosé wine, fresh fruit, and a splash of citrus — light, fruity, and refreshing.",شراب رزه، میوه تازه و کمی مرکبات — سبک، میوه‌ای و خنک.,
Cocktails,Red Wine Sangria,size,13 oz,13 اونس,
Cocktails,Red Wine Sangria,size,26 oz,26 اونس,
Cocktails,Rose Cesar,name,Rose Cesar,سزار رز,
Cocktails,Rose Cesar,description,"A bold Canadian classic made with smooth vodka, Clamato juice, a hint of spice, and our signature house rim.",کلاسیک کانادایی با ودکای نرم، آب کلاماتو، کمی ادویه و لبه مخصوص خودمان.,
Cocktails,Rose Cesar – Virgin,name,Rose Cesar – Virgin,سزار رز – بدون الکل,
Cocktails,Rose Cesar – Virgin,description,"Clamato, rose water, and spices — all the flavor, no alcohol.",کلاماتو، گلاب و ادویه — تمام طعم، بدون الکل.,
Cocktails,Rose Water Martini,name,Rose Water Martini,مارتینی گلاب,
Cocktails,Rose Water Martini,description,"Vodka, rose water, and a touch of citrus — light, fragrant, and refreshing.",ودکا، گلاب و کمی مرکبات — سبک، معطر و خنک.,
Cocktails,Sex on the Beach,name,Sex on the Beach,سکس آن د بیچ,
Cocktails,Sex on the Beach,description,"Vodka, peach, cranberry, and orange — sweet, fruity, and totally irresistible.",ودکا، هلو، کرن‌بری و پرتقال — شیرین، میوه‌ای و وسوسه‌انگیز.,
Cocktails,Silk Rose Martini,name,Silk Rose Martini,مارتینی رز ابریشمی,
Cocktails,Silk Rose Martini,description,"Smooth vodka with delicate rose notes — soft, floral, and luxurious.",ودکای نرم با رایحه لطیف گل سرخ — ملایم، گلی و لوکس.,
Cocktails,"Strawberry, Basil Margarita",name,"Strawberry, Basil Margarita",مارگاریتای توت‌فرنگی و ریحان,
Cocktails,"Strawberry, Basil Margarita",description,"Tequila, fresh strawberries, and fragrant basil — a sweet and herbaceous twist on a classic.",تکیلا، توت‌فرنگی تازه و ریحان معطر — روایتی شیرین و گیاهی از یک کلاسیک.,
Cocktails,Tequila Sunrise,name,Tequila Sunrise,تکیلا سان‌رایز,
Cocktails,Tequila Sunrise,description,"Tequila, orange juice, and grenadine — a colorful, sweet, and smooth classic.",تکیلا، آب پرتقال و گرنادین — کلاسیکی رنگارنگ، شیرین و نرم.,
Dessert,Baklava,name,Baklava,باقلوا,
Dessert,Caramel and hazelnut cake,name,Caramel and hazelnut cake,کیک کارامل و فندق,
Dessert,Nutella cake,name,Nutella cake,کیک نوتلا,
Dessert,Pistachio cake,name,Pistachio cake,کیک پسته,
Dessert,Tiramisu cake,name,Tiramisu cake,کیک تیرامیسو,
Drinks,Local Yogurt Moosir,name,Local Yogurt Moosir,ماست محلی موسیر,
Drinks,Shallot (Moosir) Yogurt Drink,name,Shallot (Moosir) Yogurt Drink,دوغ موسیر,
Drinks,Shallot (Moosir) Yogurt Drink,description,Doogh Moosir,دوغ موسیر,
Drinks,Soft Drink,name,Soft Drink,نوشابه,
Drinks,Walnut Yogurt Drink,name,Walnut Yogurt Drink,دوغ با گردو,
Drinks,Walnut Yogurt Drink,description,Doogh ba gerdoo,دوغ با گردو,
Main Menu,Akbar Joojeh,name,Akbar Joojeh,اکبر جوجه,
Main Menu,Akbar Joojeh,description,Golden fried baby chicken with saffron rice and pomegranate sauce.,جوجه سرخ‌شده طلایی با برنج زعفرانی و سس انار.,
Main Menu,Bakhtiari Kebab,name,Bakhtiari Kebab,کباب بختیاری,
Main Menu,Bakhtiari Kebab,description,Grilled chicken and beef kebab served with rice.,کباب مرغ و گوشت، همراه با برنج.,
Main Menu,Barg Kebab,name,Barg Kebab,کباب برگ,
Main Menu,Barg Kebab,description,"One skewer of thin, tender beef, marinated and grilled. Served with saffron rice",یک سیخ گوشت نازک و لطیف گوساله، مزه‌دار شده و کبابی. همراه با برنج زعفرانی,
Main Menu,Bazari Koobideh Kebab,name,Bazari Koobideh Kebab,کباب کوبیده بازاری,
Main Menu,Bazari Koobideh Kebab,description,"Two juicy skewers of seasoned ground beef, grilled to perfection. Served with fragrant saffron rice.",دو سیخ کوبیده آبدار از گوشت چرخ‌کرده گوساله با ادویه، کبابی شده. همراه با برنج زعفرانی معطر.,
Main Menu,Chicken Breast Kebab,name,Chicken Breast Kebab,کباب سینه مرغ,
Main Menu,Chicken Breast Kebab,description,"Tender skewers of marinated chicken breast, grilled to perfection. Served with saffron rice.",سیخ‌های لطیف سینه مرغ مزه‌دار شده، کبابی. همراه با برنج زعفرانی.,
Main Menu,Chicken Leg Kebab,name,Chicken Leg Kebab,کباب ران مرغ,
Main Menu,Chicken Leg Kebab,description,One Skewer of tender Chicken Leg kebab. With Saffron rice.,یک سیخ کباب ران مرغ لطیف. همراه با برنج زعفرانی.,
Main Menu,Darbari Chicken Kebab,name,Darbari Chicken Kebab,کباب مرغ درباری,
Main Menu,Darbari Chicken Kebab,description,"Juicy chicken breast marinated in saffron and spices, grilled and served with saffron rice. A royal-style kebab.",سینه مرغ آبدار مزه‌دار شده با زعفران و ادویه، کبابی و همراه با برنج زعفرانی. کبابی به سبک درباری.,
Main Menu,Fillet Chenjeh Kebab,name,Fillet Chenjeh Kebab,کباب چنجه فیله,
Main Menu,Fillet Chenjeh Kebab,description,"Chunks of tender beef fillet, marinated and grilled. Served with saffron rice.",تکه‌های فیله لطیف گوساله، مزه‌دار شده و کبابی. همراه با برنج زعفرانی.,
Main Menu,Gilaki Sour Kebab,name,Gilaki Sour Kebab,کباب ترش گیلکی,
Main Menu,Gilaki Sour Kebab,description,"Marinated beef in a tangy pomegranate and herb sauce, grilled the traditional Gilaki way. Served with saffron rice.",گوشت گوساله مزه‌دار شده در سس ترش انار و سبزی، کبابی به روش سنتی گیلکی. همراه با برنج زعفرانی.,
Main Menu,Rainbow Fish,name,Rainbow Fish,ماهی قزل‌آلا,
Main Menu,Rainbow Fish,description,"Fresh rainbow trout, grilled and topped with pomegranate and walnuts. Light, flavorful, and unique",قزل‌آلای تازه، کبابی با انار و گردو. سبک، خوش‌طعم و خاص,
Main Menu,Roses Koobideh Kebab,name,Roses Koobideh Kebab,کباب کوبیده رزز,
Main Menu,Roses Koobideh Kebab,description,"Two skewers of ground beef and chicken mixed together, grilled and full of flavor. Served with saffron rice.",دو سیخ کوبیده مخلوط گوشت و مرغ، کبابی و پرطعم. همراه با برنج زعفرانی.,
Main Menu,Shekari Chicken Kebab,name,Shekari Chicken Kebab,کباب مرغ شکاری,
Main Menu,Shekari Chicken Kebab,description,"Marinated chicken breast grilled with a smoky, spiced flavor—our hunter-style kebab. Served with saffron rice.",سینه مرغ مزه‌دار شده با طعم دودی و ادویه‌دار – کباب شکاری ما. همراه با برنج زعفرانی.,
Main Menu,Shishlik Kebab,name,Shishlik Kebab,شیشلیک,
Main Menu,Shishlik Kebab,description,"Juicy lamb chops marinated in saffron and spices, grilled to perfection. Served with saffron rice.",دنده بره آبدار مزه‌دار شده با زعفران و ادویه، کبابی. همراه با برنج زعفرانی.,
Main Menu,Special Bonab Kebab,name,Special Bonab Kebab,کباب بناب مخصوص,
Main Menu,Special Bonab Kebab,description,"Juicy minced beef with spices, grilled on a skewer. Served with rice and grilled tomatoes.",گوشت چرخ‌کرده آبدار با ادویه، کبابی روی سیخ. همراه با برنج و گوجه کبابی.,
Main Menu,Stone Lamb Shanks,name,Stone Lamb Shanks,ماهیچه بره روی سنگ,
Main Menu,Stone Lamb Shanks,description,"Tender lamb shanks slow-cooked until falling off the bone, served with rich herbs and spices on a hot stone.",ماهیچه لطیف بره، آرام‌پز تا از استخوان جدا شود، همراه با سبزی و ادویه روی سنگ داغ.,
Mixed Kebabs,Amiri Kebab,name,Amiri Kebab,کباب امیری,
Mixed Kebabs,Amiri Kebab,description,"A skewer of Shishlik Kebab, a skewer of Koobideh Kebab",یک سیخ شیشلیک، یک سیخ کباب کوبیده,
Mixed Kebabs,Amiri Kebab,component,Shishlik Kebab,شیشلیک,
Mixed Kebabs,Amiri Kebab,component,Koobideh Kebab,کباب کوبیده,
Mixed Kebabs,Mohtasham,name,Mohtasham,محتشم,
Mixed Kebabs,Mohtasham,description,"A skewer of Barg Kebab, a skewer of Chicken Breast Kebab",یک سیخ کباب برگ، یک سیخ کباب سینه مرغ,
Mixed Kebabs,Mohtasham,component,Barg Kebab,کباب برگ,
Mixed Kebabs,Mohtasham,component,Chicken Breast Kebab,کباب سینه مرغ,
Mixed Kebabs,Mozaffari Kebab,name,Mozaffari Kebab,کباب مظفری,
Mixed Kebabs,Mozaffari Kebab,description,"A skewer of Chenjeh Kebab, a skewer of Koobideh Kebab",یک سیخ چنجه، یک سیخ کباب کوبیده,
Mixed Kebabs,Mozaffari Kebab,component,Chenjeh Kebab,چنجه,
Mixed Kebabs,Mozaffari Kebab,component,Koobideh Kebab,کباب کوبیده,
Mixed Kebabs,Salari Kebab,name,Salari Kebab,کباب سالاری,
Mixed Kebabs,Salari Kebab,description,"A skewer of Chicken Breast Kebab, a skewer of Koobideh Kebab",یک سیخ کباب سینه مرغ، یک سیخ کباب کوبیده,
Mixed Kebabs,Salari Kebab,component,Chicken Breast Kebab,کباب سینه مرغ,
Mixed Kebabs,Salari Kebab,component,Koobideh Kebab,کباب کوبیده,
Mixed Kebabs,Soltani Kebab,name,Soltani Kebab,کباب سلطانی,
Mixed Kebabs,Soltani Kebab,description,"A skewer of Barg Kebab, a skewer of Koobideh Kebab",یک سیخ کباب برگ، یک سیخ کباب کوبیده,
Mixed Kebabs,Soltani Kebab,component,Barg Kebab,کباب برگ,
Mixed Kebabs,Soltani Kebab,component,Koobideh Kebab,کباب کوبیده,
Mixed Kebabs,Vaziri Kebab,name,Vaziri Kebab,کباب وزیری,
Mixed Kebabs,Vaziri Kebab,description,"A skewer of Koobideh Kebab, a skewer of Chicken Leg Kebab",یک سیخ کباب کوبیده، یک سیخ کباب ران مرغ,
Mixed Kebabs,Vaziri Kebab,component,Koobideh Kebab,کباب کوبیده,
Mixed Kebabs,Vaziri Kebab,component,Chicken Leg Kebab,کباب ران مرغ,
Mixed Kebabs,Yeylaghi,name,Yeylaghi,ییلاقی,
Mixed Kebabs,Yeylaghi,description,"skewer of Sour Kebab, a skewer of Koobideh Kebab",یک سیخ کباب ترش، یک سیخ کباب کوبیده,
Mixed Kebabs,Yeylaghi,component,Sour Kebab,کباب ترش,
Mixed Kebabs,Yeylaghi,component,Koobideh Kebab,کباب کوبیده,
Must Try,Sultan’s Goblet,name,Sultan’s Goblet,جام سلطان,
Must Try,Sultan’s Goblet,description,"The Secret Sip
Bold, smooth, and entirely under wraps. Our best-kept secret is now yours to discover.","جرعه مخفی
پرقدرت، نرم و کاملاً محرمانه. بهترین راز ما حالا در اختیار شماست.",
Platters,Platter 1,name,Platter 1,سینی 1,
Platters,Platter 1,description,"1 skewer of Chicken Leg Kebab, 1 skewer of Chicken Breast Kebab, 2 skewers of Koobideh Kebab, 2 rice servings",1 سیخ کباب ران مرغ، 1 سیخ کباب سینه مرغ، 2 سیخ کباب کوبیده، 2 پرس برنج,
Platters,Platter 1,component,Chicken Leg Kebab,کباب ران مرغ,
Platters,Platter 1,component,Chicken Breast Kebab,کباب سینه مرغ,
Platters,Platter 1,component,Koobideh Kebab,کباب کوبیده,
Platters,Platter 1,component,Rice serving,پرس برنج,
Platters,Platter 2,name,Platter 2,سینی 2,
Platters,Platter 2,description,"1 skewer of Barg Kebab, 1 skewer of Chicken Leg Kebab, 2 skewers of Koobideh Kebab, 2 rice servings",1 سیخ کباب برگ، 1 سیخ کباب ران مرغ، 2 سیخ کباب کوبیده، 2 پرس برنج,
Platters,Platter 2,component,Barg Kebab,کباب برگ,
Platters,Platter 2,component,Chicken Leg Kebab,کباب ران مرغ,
Platters,Platter 2,component,Koobideh Kebab,کباب کوبیده,
Platters,Platter 2,component,Rice serving,پرس برنج,
Platters,Platter 3,name,Platter 3,سینی 3,
Platters,Platter 3,description,"4 skewers of Koobideh Kebab, 1 skewer of Chenjeh Kebab, 1 skewer of Chicken Leg Kebab, 1 skewer of Chicken Breast Kebab , 4 rice servings",4 سیخ کباب کوبیده، 1 سیخ چنجه، 1 سیخ کباب ران مرغ، 1 سیخ کباب سینه مرغ، 4 پرس برنج,
Platters,Platter 3,component,Koobideh Kebab,کباب کوبیده,
Platters,Platter 3,component,Chenjeh Kebab,چنجه,
Platters,Platter 3,component,Chicken Leg Kebab,کباب ران مرغ,
Platters,Platter 3,component,Chicken Breast Kebab,کباب سینه مرغ,
Platters,Platter 3,component,Rice serving,پرس برنج,
Platters,Platter 4,name,Platter 4,سینی 4,
Platters,Platter 4,description,"1 skewer of Barg Kebab, 1 skewer of Sour Kebab, 2 skewers of Koobideh Kebab, 1 skewer of Shishlik Kebab, 4 rice servings",1 سیخ کباب برگ، 1 سیخ کباب ترش، 2 سیخ کباب کوبیده، 1 سیخ شیشلیک، 4 پرس برنج,
Platters,Platter 4,component,Barg Kebab,کباب برگ,
Platters,Platter 4,component,Sour Kebab,کباب ترش,
Platters,Platter 4,component,Koobideh Kebab,کباب کوبیده,
Platters,Platter 4,component,Shishlik Kebab,شیشلیک,
Platters,Platter 4,component,Rice serving,پرس برنج,
Platters,Platter 5,name,Platter 5,سینی 5,
Platters,Platter 5,description,"1 skewer of Darbari Kebab, 1 skewer of Shekari Kebab, 1 skewer of Chicken Leg Kebab, 1 skewer of Chicken Breast Kebab, 4 rice servings",1 سیخ کباب درباری، 1 سیخ کباب شکاری، 1 سیخ کباب ران مرغ، 1 سیخ کباب سینه مرغ، 4 پرس برنج,
Platters,Platter 5,component,Darbari Kebab,کباب درباری,
Platters,Platter 5,component,Shekari Kebab,کباب شکاری,
Platters,Platter 5,component,Chicken Leg Kebab,کباب ران مرغ,
Platters,Platter 5,component,Chicken Breast Kebab,کباب سینه مرغ,
Platters,Platter 5,component,Rice serving,پرس برنج,
Platters,Platter 6,name,Platter 6,سینی 6,
Platters,Platter 6,description,"2 skewers of Koobideh Kebab, 1 skewer of Chenjeh Kebab, 1 skewer of Shishlik Kebab, 1 skewer of Shekari Chicken Kebab , 4 rice servings",2 سیخ کباب کوبیده، 1 سیخ چنجه، 1 سیخ شیشلیک، 1 سیخ کباب مرغ شکاری، 4 پرس برنج,
Platters,Platter 6,component,Koobideh Kebab,کباب کوبیده,
Platters,Platter 6,component,Chenjeh Kebab,چنجه,
Platters,Platter 6,component,Shishlik Kebab,شیشلیک,
Platters,Platter 6,component,Shekari Chicken Kebab,کباب مرغ شکاری,
Platters,Platter 6,component,Rice serving,پرس برنج,
Sake,Sake,name,Sake,ساکه,
Sake,Sake,description,"Cheers – Kanpai, Ganbei, Geonbae!
Served in a sake cup [Room Temperature or Warm] ~ Bottle shown for display","به سلامتی – کانپای، گانبی، گئونبه!
در پیاله ساکه سرو می‌شود [دمای اتاق یا گرم] ~ بطری فقط برای نمایش است",
Summer Sip,Tutti Trend,name,Tutti Trend,توتی ترند,
Summer Sip,Tutti Trend,description,"Tropical cocktail made with just four primary ingredients: white rum, pineapple juice, cream of coconut, and ice.",کوکتل استوایی با فقط چهار ماده اصلی: رام سفید، آب آناناس، کرم نارگیل و یخ.,
Traditional Spirits,Aragh Sagi,name,Aragh Sagi,عرق سگی,
Traditional Spirits,Raki,name,Raki,راکی,
Vodka,Ciroc Peach,name,Ciroc Peach,سیروک هلو,
Vodka,Ciroc Peach,size,1-shot,یک شات,
Vodka,Ciroc Peach,size,Bottle,بطری,
Vodka,Grey Goose,name,Grey Goose,گری گوس,
Vodka,Grey Goose,size,1-shot,یک شات,
Vodka,Grey Goose,size,Bottle,بطری,
Vodka,Ketel One,name,Ketel One,کتل وان,
Vodka,Ketel One,size,1-shot,یک شات,
Vodka,Ketel One,size,Bottle,بطری,
Whiskey,Black Label,name,Black Label,بلک لیبل,
Whiskey,Black Label,size,1-shot,یک شات,
Whiskey,Black Label,size,Bottle,بطری,
Whiskey,Crown Royal,name,Crown Royal,کراون رویال,
Whiskey,Crown Royal,size,1-shot,یک شات,
Whiskey,Crown Royal,size,Bottle,بطری,
Whiskey,Glenfiddich 12,name,Glenfiddich 12,گلنفیدیش 12,
Whiskey,Glenfiddich 12,size,1-shot,یک شات,
Whiskey,Glenfiddich 12,size,Bottle,بطری,
Whiskey,Jameson,name,Jameson,جیمسون,
Whiskey,Jameson,size,1-shot,یک شات,
Whiskey,Jameson,size,Bottle,بطری,
Wine,Cab Sauv,name,Cab Sauv,کابرنه سوینیون,
Wine,Cab Sauv,size,6 oz,6 اونس,
Wine,Cab Sauv,size,9 oz,9 اونس,
Wine,Chardonnay,name,Chardonnay,شاردونه,
Wine,Chardonnay,size,6 oz,6 اونس,
Wine,Chardonnay,size,9 oz,9 اونس,
Wine,Merlot,name,Merlot,مرلو,
Wine,Merlot,size,6 oz,6 اونس,
Wine,Merlot,size,9 oz,9 اونس,
Wine,Pinot Grigio,name,Pinot Grigio,پینو گریجو,
Wine,Pinot Grigio,size,6 oz,6 اونس,
Wine,Pinot Grigio,size,9 oz,9 اونس,
Wine,Prosecco,name,Prosecco,پروسکو,
Wine,Prosecco,size,6 oz,6 اونس,
Wine,Rose,name,Rose,رزه,
Wine,Rose,size,6 oz,6 اونس,
Wine,Rose,size,9 oz,9 اونس,
Wine,Sauvignon Blanc,name,Sauvignon Blanc,سوینیون بلان,
Wine,Sauvignon Blanc,size,6 oz,6 اونس,
Wine,Sauvignon Blanc,size,9 oz,9 اونس,
Wine,Shiraz,name,Shiraz,شیراز,
Wine,Shiraz,size,6 oz,6 اونس,
Wine,Shiraz,size,9 oz,9 اونس,
Wine Bottles,Bordeaux (France),name,Bordeaux (France),بوردو (فرانسه),
Wine Bottles,Borsao (Spain),name,Borsao (Spain),بورسائو (اسپانیا),
Wine Bottles,Cabernet,name,Cabernet,کابرنه,
Wine Bottles,Merlot (France),name,Merlot (France),مرلو (فرانسه),
Wine Bottles,Pinot Noir (France),name,Pinot Noir (France),پینو نوآر (فرانسه),
Wine Bottles,Shiraz (Australia),name,Shiraz (Australia),شیراز (استرالیا),
Wine Bottles,Venato (Italy),name,Venato (Italy),وناتو (ایتالیا),
